Lab,Method,Subject,Subject_Unique,Language,Age,Session,total_trial_n,language_recoded,Native,ADS,IDS,mean_log_lt_ADS,mean_log_lt_IDS,Diff,Prop,binary_pref,Diff_log_lt,Prop_log_lt
InfantCog-UBC,central fixation,AD42,InfantCog-UBC:AD42,English,158,1,16,American English,TRUE,8.3925,10.0975,2.006992508150671,2.2251924977647355,1.705,0.5461060032449973,IDS_preference,0.21819998961406428,0.5257786449917812
InfantCog-UBC,central fixation,AD42,InfantCog-UBC:AD42,English,169,2,16,American English,TRUE,5.69625,6.425,1.6208357250115812,1.680214076071282,0.7287499999999998,0.5300608435598638,IDS_preference,0.059378351059700796,0.5089938587173424
InfantCog-UBC,central fixation,HV25,InfantCog-UBC:HV25,English,163,1,10,American English,TRUE,3.22,3.155,1.1022409377176652,1.0892983093407627,-0.06500000000000039,0.4949019607843137,ADS_preference,-0.01294262837690252,0.4970471374413499
InfantCog-UBC,central fixation,HV25,InfantCog-UBC:HV25,English,172,2,9,American English,TRUE,3.22,3.1639999999999997,1.1022409377176652,1.0802334259706865,-0.056000000000000494,0.49561403508771923,ADS_preference,-0.02200751174697868,0.4949581282343711
InfantCog-UBC,central fixation,ML23,InfantCog-UBC:ML23,English,135,1,15,American English,TRUE,8.75,8.7825,2.069641218660406,2.0492019994672437,0.03250000000000064,0.5009268501354628,IDS_preference,-0.020439219193162383,0.4975188155859871
InfantCog-UBC,central fixation,ML23,InfantCog-UBC:ML23,English,184,2,15,American English,TRUE,8.05875,10.76142857142857,1.953234265251518,2.2077183776013554,2.702678571428571,0.5718026813925023,IDS_preference,0.25448411234983737,0.5305800298865401
InfantCog-UBC,central fixation,OS32,InfantCog-UBC:OS32,English,104,1,14,American English,TRUE,11.28,9.125714285714286,2.348846192812279,2.0472503676247302,-2.154285714285713,0.4472136656398768,ADS_preference,-0.3015958251875488,0.4656973156707041
InfantCog-UBC,central fixation,OS32,InfantCog-UBC:OS32,English,112,2,13,American English,TRUE,7.6085714285714285,7.101666666666667,1.9370113184127622,1.801008117602389,-0.506904761904762,0.48277034135603647,ADS_preference,-0.1360032008103731,0.48180812016384844
InfantCog-UBC,central fixation,PH39,InfantCog-UBC:PH39,English,116,1,16,American English,TRUE,6.26,7.1775,1.7085927103564678,1.85579396091501,0.9175000000000004,0.5341395348837209,IDS_preference,0.14720125055854227,0.5206488891546148
InfantCog-UBC,central fixation,PH39,InfantCog-UBC:PH39,English,159,2,14,American English,TRUE,13.167142857142856,10.98,2.4942047181642417,2.2976513904196727,-2.187142857142856,0.4547121812695971,ADS_preference,-0.19655332774456902,0.4794908983814777
InfantCog-UBC,central fixation,VF48,InfantCog-UBC:VF48,English,170,1,11,American English,TRUE,6.264,8.051666666666666,1.6703274824228849,1.8536925024135962,1.7876666666666656,0.5624374228700492,IDS_preference,0.1833650199907113,0.5260164557493592
InfantCog-UBC,central fixation,VF48,InfantCog-UBC:VF48,English,199,2,9,American English,TRUE,6.09,5.106,1.742854737352193,1.46359446313517,-0.984,0.45605573419078244,ADS_preference,-0.27926027421702293,0.4564533450000429
InfantCog-UBC,central fixation,VM20,InfantCog-UBC:VM20,English,108,1,12,American English,TRUE,6.1033333333333335,8.608333333333334,1.5918544473596232,2.078181319515309,2.505000000000001,0.5851365129715645,IDS_preference,0.48632687215568593,0.5662564213331629
InfantCog-UBC,central fixation,VM20,InfantCog-UBC:VM20,English,113,2,16,American English,TRUE,10.2,8.5825,2.251763500751688,2.020408042545804,-1.6174999999999997,0.45694130174364433,ADS_preference,-0.2313554582058841,0.4729229671770961
babylab-potsdam,HPP,b7027,babylab-potsdam:b7027,German,251,1,14,German,FALSE,8.882714285714286,7.712285714285715,2.0301167299780323,1.769449230593033,-1.1704285714285714,0.4647355055309259,ADS_preference,-0.26066749938499933,0.4656977267811635
babylab-potsdam,HPP,b7027,babylab-potsdam:b7027,German,260,2,13,German,FALSE,6.345000000000001,9.311285714285715,1.6029670062444594,2.127938677211023,2.966285714285714,0.5947314634012811,IDS_preference,0.5249716709665637,0.5703544548572381
babylab-potsdam,HPP,b7030,babylab-potsdam:b7030,German,200,1,14,German,FALSE,9.077666666666667,5.3345,2.121595890610152,1.518575259978099,-3.743166666666667,0.37013865599666945,ADS_preference,-0.6030206306320529,0.4171713903431979
babylab-potsdam,HPP,b7030,babylab-potsdam:b7030,German,207,2,10,German,FALSE,5.933,8.4708,1.594359969436332,2.0109300847551994,2.5378000000000007,0.5880948083144726,IDS_preference,0.41657011531886745,0.5577720667487711
babylab-potsdam,HPP,b7033,babylab-potsdam:b7033,German,218,1,16,German,FALSE,6.153625,8.775125,1.7261817691748778,2.1442669477395024,2.6214999999999993,0.5878003851628569,IDS_preference,0.4180851785646247,0.5540099106258063
babylab-potsdam,HPP,b7033,babylab-potsdam:b7033,German,239,2,16,German,FALSE,3.593875,3.552625,1.2488995113807673,1.2405228629476872,-0.04125000000000023,0.4971139718743441,ADS_preference,-0.008376648433080058,0.4983175517904349
babylab-potsdam,HPP,b7059,babylab-potsdam:b7059,German,221,1,10,German,FALSE,4.433833333333333,7.01625,1.472371664013994,1.7997993651585729,2.582416666666667,0.6127684660228092,IDS_preference,0.32742770114457875,0.5500321801986273
babylab-potsdam,HPP,b7059,babylab-potsdam:b7059,German,228,2,5,German,FALSE,3.7196666666666665,2.92,1.2299165451654246,1.0556584773110143,-0.7996666666666665,0.4397811135097143,ADS_preference,-0.17425806785441034,0.4618787250165167
babylab-potsdam,HPP,b7096,babylab-potsdam:b7096,German,216,1,15,German,FALSE,4.984714285714285,7.8895,1.5319373406049281,1.858101431531208,2.9047857142857145,0.6128140968380873,IDS_preference,0.32616409092627996,0.5481062478705453
babylab-potsdam,HPP,b7096,babylab-potsdam:b7096,German,223,2,14,German,FALSE,6.647571428571428,5.442142857142857,1.686149878440336,1.4807631603942195,-1.2054285714285715,0.45014652360920737,ADS_preference,-0.2053867180461164,0.46757304107698205
babylab-potsdam,HPP,b7105,babylab-potsdam:b7105,German,197,1,16,German,FALSE,11.067875,10.837375,2.298322770212539,2.2362103963616518,-0.23050000000000104,0.4947387041919174,ADS_preference,-0.06211237385088708,0.49315118320131146
babylab-potsdam,HPP,b7105,babylab-potsdam:b7105,German,204,2,14,German,FALSE,7.6852857142857145,5.659,1.8021121974716847,1.6152072406787312,-2.0262857142857147,0.42407665132212824,ADS_preference,-0.1869049567929535,0.4726532798329626
babylab-potsdam,HPP,b7135,babylab-potsdam:b7135,German,257,1,16,German,FALSE,9.616125,11.575,2.1548532262393443,2.3254487385336966,1.958874999999999,0.5462192309280418,IDS_preference,0.17059551229435233,0.5190383944693552
babylab-potsdam,HPP,b7135,babylab-potsdam:b7135,German,266,2,15,German,FALSE,5.801857142857143,4.53175,1.5882686722177908,1.3900365494615197,-1.2701071428571433,0.4385448311853487,ADS_preference,-0.1982321227562711,0.46672065016820236
babylab-potsdam,HPP,b7139,babylab-potsdam:b7139,German,206,1,16,German,FALSE,12.024625,9.99,2.430194516536,2.191627391255139,-2.034625,0.453789242378646,ADS_preference,-0.238567125280861,0.47419122479830933
babylab-potsdam,HPP,b7139,babylab-potsdam:b7139,German,213,2,13,German,FALSE,5.095,9.621142857142857,1.4949558483169443,2.157162642530067,4.526142857142857,0.653781561550484,IDS_preference,0.6622067942131227,0.5906606392800171
babylab-potsdam,HPP,b7140,babylab-potsdam:b7140,German,191,1,15,German,FALSE,9.610142857142858,10.956,2.1360003945994923,2.2315652152576946,1.3458571428571418,0.5327202128324638,IDS_preference,0.09556482065820227,0.5109402844965307
babylab-potsdam,HPP,b7140,babylab-potsdam:b7140,German,196,2,14,German,FALSE,4.499333333333333,6.942,1.3475018670002692,1.6950268087435956,2.4426666666666668,0.6067474653303812,IDS_preference,0.3475249417433264,0.55711120235512
babylab-potsdam,HPP,b7145,babylab-potsdam:b7145,German,254,1,16,German,FALSE,6.802375,8.510125,1.751386261898145,2.0127821466813716,1.7077500000000008,0.5557632653061225,IDS_preference,0.2613958847832265,0.5347215980277925
babylab-potsdam,HPP,b7145,babylab-potsdam:b7145,German,263,2,16,German,FALSE,5.814,7.628375,1.704180706213363,1.9207205305724238,1.814375,0.5674871441988488,IDS_preference,0.21653982435906083,0.5298683757451923
babylab-potsdam,HPP,b7146,babylab-potsdam:b7146,German,220,1,16,German,FALSE,7.28475,9.394125,1.835091571871141,2.01410914953806,2.109375000000001,0.5632349304134722,IDS_preference,0.17901757766691917,0.5232538636750256
babylab-potsdam,HPP,b7146,babylab-potsdam:b7146,German,230,2,16,German,FALSE,9.00925,7.024125,1.901748532229191,1.8062778608393986,-1.985125,0.4380939758472561,ADS_preference,-0.09547067138979237,0.4871264843788254
babylab-potsdam,HPP,b7147,babylab-potsdam:b7147,German,210,1,16,German,FALSE,7.5555,7.93075,1.9003445141600972,1.9267695522482422,0.3752499999999994,0.5121155864072968,IDS_preference,0.026425038088145003,0.5034523452436505
babylab-potsdam,HPP,b7147,babylab-potsdam:b7147,German,217,2,16,German,FALSE,8.4225,8.92025,1.8826883280743498,1.9372328309726161,0.4977499999999999,0.5143503769586715,IDS_preference,0.05454450289826629,0.5071394801917685
babylab-potsdam,HPP,b7149,babylab-potsdam:b7149,German,231,1,16,German,FALSE,8.757125,9.138874999999999,2.054857682824592,2.1464329863128824,0.3817499999999985,0.5106657912382654,IDS_preference,0.09157530348829024,0.5108984727194668
babylab-potsdam,HPP,b7149,babylab-potsdam:b7149,German,242,2,15,German,FALSE,4.03475,5.431285714285714,1.2638797379748643,1.523775949550581,1.3965357142857142,0.5737656056050013,IDS_preference,0.25989621157571663,0.5466155509697149
babylab-potsdam,HPP,b7151,babylab-potsdam:b7151,German,232,1,16,German,FALSE,5.9799999999999995,9.882875,1.5478491332478441,2.145789126316932,3.9028750000000008,0.6230191563635218,IDS_preference,0.5979399930690881,0.58094187235589545
babylab-potsdam,HPP,b7151,babylab-potsdam:b7151,German,241,2,14,German,FALSE,7.027666666666667,8.866375,1.8196630424679985,2.018075630779993,1.838708333333333,0.5578426926232839,IDS_preference,0.1984125883119947,0.5258501952849323
babylab-potsdam,HPP,b7155,babylab-potsdam:b7155,German,207,1,16,German,FALSE,12.021125,11.919375,2.3174078345520264,2.392977857538122,-0.10174999999999912,0.4978749399553059,ADS_preference,0.07557002298609561,0.5080216385584938
babylab-potsdam,HPP,b7155,babylab-potsdam:b7155,German,217,2,16,German,FALSE,14.051124999999999,11.490625,2.584634239694747,2.362337111903631,-2.5604999999999993,0.4498761831119637,ADS_preference,-0.2222971277911161,0.4775319976616307
babylab-potsdam,HPP,b7161,babylab-potsdam:b7161,German,209,1,13,German,FALSE,7.367333333333333,7.110714285714286,1.8790071797209187,1.854428974653555,-0.2566190476190471,0.4911376501040985,ADS_preference,-0.024578205067363745,0.49670836676307356
babylab-potsdam,HPP,b7161,babylab-potsdam:b7161,German,222,2,14,German,FALSE,5.775666666666667,8.637875,1.676720294090227,2.071604449591551,2.8622083333333324,0.5992888631928885,IDS_preference,0.39488415550132383,0.5526747523899771
babylab-potsdam,HPP,b7167,babylab-potsdam:b7167,German,272,1,5,German,FALSE,5.211,11.1045,1.537134352077643,2.4055513568491733,5.8934999999999995,0.6806104624436885,IDS_preference,0.8684170047715303,0.6101301332243282
babylab-potsdam,HPP,b7167,babylab-potsdam:b7167,German,277,2,13,German,FALSE,5.438625,6.5188,1.6337753754645565,1.7594886492841906,1.0801749999999997,0.5451675423429375,IDS_preference,0.12571327381963404,0.5185239452195209
babylab-potsdam,HPP,b7171,babylab-potsdam:b7171,German,205,1,16,German,FALSE,10.735125,12.271875,2.322519627938278,2.420700677935961,1.5367499999999996,0.533397444256096,IDS_preference,0.09818104999768318,0.5103496194216502
babylab-potsdam,HPP,b7171,babylab-potsdam:b7171,German,212,2,14,German,FALSE,4.770428571428572,7.974142857142858,1.4853427542006539,1.8203311932999147,3.2037142857142857,0.6256893691431646,IDS_preference,0.3349884390992608,0.5506687054469704
babylab-potsdam,HPP,b7172,babylab-potsdam:b7172,German,194,1,16,German,FALSE,8.716,10.8695,2.0633427955345254,2.1688216501171866,2.153500000000001,0.5549768961731893,IDS_preference,0.10547885458266126,0.512461573260821
babylab-potsdam,HPP,b7172,babylab-potsdam:b7172,German,205,2,13,German,FALSE,7.259333333333333,4.424571428571428,1.8119036713448071,1.352501392260174,-2.834761904761905,0.37868944661357506,ADS_preference,-0.45940227908463305,0.42741095563769754
babylab-potsdam,HPP,b7181,babylab-potsdam:b7181,German,251,1,10,German,FALSE,4.0436,3.6304,1.3165742035553685,1.2546197910859245,-0.4131999999999998,0.473077925462601,ADS_preference,-0.061954412469444,0.48795220963518016
babylab-potsdam,HPP,b7181,babylab-potsdam:b7181,German,258,2,14,German,FALSE,5.276142857142857,5.014571428571428,1.4905841060585914,1.3828632847968567,-0.261571428571429,0.4872909002568196,ADS_preference,-0.10772082126173466,0.48125582156044533
babylab-potsdam,HPP,b7184,babylab-potsdam:b7184,German,226,1,16,German,FALSE,3.609,4.70325,1.2214162679978782,1.4734982851311227,1.0942499999999997,0.5658215284670216,IDS_preference,0.2520820171332445,0.5467699461640737
babylab-potsdam,HPP,b7184,babylab-potsdam:b7184,German,261,2,15,German,FALSE,4.943714285714286,3.715625,1.462098876016743,1.2444664896648985,-1.2280892857142858,0.4290887419239756,ADS_preference,-0.21763238635184456,0.45979546825076684
babylab-potsdam,HPP,b7185,babylab-potsdam:b7185,German,213,1,15,German,FALSE,6.195428571428572,6.157,1.630386960578953,1.6858419412563814,-0.0384285714285717,0.498444493274891,ADS_preference,0.05545498067742849,0.5083611509215691
babylab-potsdam,HPP,b7185,babylab-potsdam:b7185,German,220,2,12,German,FALSE,5.193666666666667,5.620833333333334,1.5881198697293952,1.658960039345793,0.4271666666666665,0.5197497187418126,IDS_preference,0.07084016961639783,0.5109082886162438
babyling-oslo,Eyetracking,OS_003,babyling-oslo:OS_003,Norwegian,257,1,6,Norwegian,FALSE,3.0673333333333335,3.9676666666666667,1.0866935085386282,1.3526183477094944,0.9003333333333332,0.5639895759298744,IDS_preference,0.2659248391708662,0.5545081676395166
babyling-oslo,Eyetracking,OS_003,babyling-oslo:OS_003,Norwegian,279,2,8,Norwegian,FALSE,3.481333333333333,4.012,1.2389586886324457,1.2484842994248733,0.5306666666666664,0.5354092526690392,IDS_preference,0.00952561079242753,0.5019147395213
babyling-oslo,Eyetracking,OS_009,babyling-oslo:OS_009,Norwegian,260,1,10,Norwegian,FALSE,5.9736666666666665,6.34925,1.6621342768826461,1.6442522639759243,0.37558333333333316,0.5152392223161454,IDS_preference,-0.017882012906721867,0.49729583751238016
babyling-oslo,Eyetracking,OS_009,babyling-oslo:OS_009,Norwegian,281,2,11,Norwegian,FALSE,5.183,5.445,1.4289241579208014,1.5269780026324995,0.26200000000000045,0.5123259315016937,IDS_preference,0.09805384471169809,0.516586111343642
babyling-oslo,Eyetracking,OS_018,babyling-oslo:OS_018,Norwegian,243,1,15,Norwegian,FALSE,7.345285714285714,8.971875,1.9332518825457636,2.113829469908099,1.626589285714287,0.5498429020279921,IDS_preference,0.18057758736233542,0.5223096068050184
babyling-oslo,Eyetracking,OS_018,babyling-oslo:OS_018,Norwegian,255,2,5,Norwegian,FALSE,2.99,5.124,1.05677073683842,1.4122682193914926,2.1339999999999995,0.6315011091939856,IDS_preference,0.35549748255307256,0.5719910639028349
babyling-oslo,Eyetracking,OS_026,babyling-oslo:OS_026,Norwegian,268,1,7,Norwegian,FALSE,2.8906,3.129,1.0563500943374877,1.1405475133866414,0.23839999999999995,0.5198019801980197,IDS_preference,0.08419741904915368,0.5191628000215217
babyling-oslo,Eyetracking,OS_026,babyling-oslo:OS_026,Norwegian,282,2,16,Norwegian,FALSE,4.5525,4.81775,1.4039536000738075,1.4472677012884656,0.26525,0.5141538379445586,IDS_preference,0.04331410121465806,0.5075957101600572
babyling-oslo,Eyetracking,OS_031,babyling-oslo:OS_031,Norwegian,249,1,14,Norwegian,FALSE,4.210833333333333,5.982625,1.3662515021161015,1.6139708222687534,1.7717916666666662,0.5869082704185282,IDS_preference,0.24771932015265197,0.5415605436758453
babyling-oslo,Eyetracking,OS_031,babyling-oslo:OS_031,Norwegian,253,2,10,Norwegian,FALSE,4.64325,4.653833333333333,1.482132978268642,1.4194305821288633,0.010583333333332945,0.5005691749204499,IDS_preference,-0.0627023961397788,0.489195067618786
babyling-oslo,Eyetracking,OS_032,babyling-oslo:OS_032,Norwegian,245,1,15,Norwegian,FALSE,6.667428571428571,5.74575,1.8857477855777882,1.677683843067611,-0.9216785714285711,0.4628749974825143,ADS_preference,-0.20806394251017712,0.47080567775769694
babyling-oslo,Eyetracking,OS_032,babyling-oslo:OS_032,Norwegian,256,2,14,Norwegian,FALSE,4.4245,6.01475,1.469790532297361,1.644492587367847,1.5902500000000002,0.5761668702253514,IDS_preference,0.17470205507048608,0.5280485184483271
babyling-oslo,Eyetracking,OS_042,babyling-oslo:OS_042,Norwegian,184,1,11,Norwegian,FALSE,6.62275,5.231285714285715,1.7596534169850422,1.5741824528306723,-1.3914642857142852,0.44130841515698394,ADS_preference,-0.18547096415436992,0.4721835490112742
babyling-oslo,Eyetracking,OS_042,babyling-oslo:OS_042,Norwegian,203,2,10,Norwegian,FALSE,4.875333333333334,4.091,1.5379050488390564,1.3163298003200563,-0.7843333333333335,0.45626231458418526,ADS_preference,-0.22157524851900012,0.46118482531591987
babyling-oslo,Eyetracking,OS_052,babyling-oslo:OS_052,Norwegian,216,1,8,Norwegian,FALSE,4.730333333333333,4.5324,1.4160549936730629,1.4805248432034612,-0.1979333333333333,0.4893156087835844,ADS_preference,0.06446984953039836,0.511128616016315
babyling-oslo,Eyetracking,OS_052,babyling-oslo:OS_052,Norwegian,229,2,11,Norwegian,FALSE,8.0642,5.4254999999999995,1.9716533516191053,1.5641426933102864,-2.6387,0.4021957493495037,ADS_preference,-0.40751065830881883,0.4423735626814192
brookes-babylab,central fixation,MB_103,brookes-babylab:MB_103,English,368,1,16,English,FALSE,7.62125,5.365,1.689989884461614,1.550017788209279,-2.2562499999999996,0.4131292713446915,ADS_preference,-0.13997209625233498,0.47839941901480915
brookes-babylab,central fixation,MB_103,brookes-babylab:MB_103,English,375,2,12,English,FALSE,2.4175,8.0725,0.8760501552815755,1.918308665812908,5.654999999999999,0.7695424213536701,IDS_preference,1.0422585105313327,0.6864933205183551
brookes-babylab,central fixation,MB_135,brookes-babylab:MB_135,English,303,1,15,English,FALSE,4.15875,8.037142857142857,1.284647885351367,2.0015300860203955,3.878392857142857,0.6590040558150431,IDS_preference,0.7168822006690285,0.609075376762047
brookes-babylab,central fixation,MB_135,brookes-babylab:MB_135,English,317,2,11,English,FALSE,6.198333333333333,5.756,1.708450198435169,1.7024604983680758,-0.442333333333333,0.48149903800574406,ADS_preference,-0.005989700067093207,0.49912197934810976
brookes-babylab,central fixation,MB_136,brookes-babylab:MB_136,English,295,1,16,English,FALSE,5.43625,9.55875,1.5651419038100134,2.174140272358806,4.1225,0.6374624874958319,IDS_preference,0.6089983685487927,0.5814325236578908
brookes-babylab,central fixation,MB_136,brookes-babylab:MB_136,English,302,2,15,English,FALSE,3.367142857142857,6.76375,1.1797242724686783,1.8217815956591057,3.396607142857143,0.6676361200712108,IDS_preference,0.6420573231904274,0.6069558667214795
brookes-babylab,central fixation,MB_137,brookes-babylab:MB_137,English,252,1,16,English,FALSE,5.86875,8.375,1.669200050595933,2.027888527732701,2.5062499999999996,0.587977182974989,IDS_preference,0.358688477136768,0.5485095866027265
brookes-babylab,central fixation,MB_137,brookes-babylab:MB_137,English,262,2,15,English,FALSE,4.7,9.58375,1.4479240159992226,2.1716526301537513,4.88375,0.6709547562789883,IDS_preference,0.7237286141545287,0.5999742076084692
brookes-babylab,central fixation,MB_138,brookes-babylab:MB_138,English,240,1,15,English,FALSE,3.6685714285714286,9.43,1.2642788005900958,2.0544288272167,5.761428571428571,0.7199258370596575,IDS_preference,0.7901500266266044,0.6190448384193433
brookes-babylab,central fixation,MB_138,brookes-babylab:MB_138,English,247,2,16,English,FALSE,6.35375,12.66375,1.7507430730204003,2.48004248877366,6.3100000000000005,0.665899829104772,IDS_preference,0.7292994157532595,0.5861895982556016
brookes-babylab,central fixation,MB_139,brookes-babylab:MB_139,English,278,1,14,English,FALSE,6.645714285714286,10.098571428571429,1.8079371794819623,2.1112634795080103,3.452857142857143,0.6031055370702157,IDS_preference,0.303326300026048,0.5386974700223972
brookes-babylab,central fixation,MB_139,brookes-babylab:MB_139,English,284,2,16,English,FALSE,7.0062500000000005,10.748750000000001,1.8446797211913528,2.3186603513566935,3.7425000000000006,0.605392847085328,IDS_preference,0.47398063016534064,0.5569231220493663
brookes-babylab,central fixation,MB_140,brookes-babylab:MB_140,English,253,1,15,English,FALSE,4.147142857142857,10.21375,1.3335010665474645,2.064962667229893,6.066607142857142,0.7112197062956193,IDS_preference,0.7314616006824286,0.6076165082199386
brookes-babylab,central fixation,MB_140,brookes-babylab:MB_140,English,261,2,16,English,FALSE,5.65125,8.22625,1.531153559862088,1.9031524762734866,2.575,0.5927760763826337,IDS_preference,0.3719989164113986,0.5541592555376904
brookes-babylab,central fixation,MB_141,brookes-babylab:MB_141,English,260,1,15,English,FALSE,6.5600000000000005,10.354285714285714,1.7593705609898818,2.2153548679862354,3.7942857142857136,0.6121621621621621,IDS_preference,0.4559843069963536,0.5573604787480647
brookes-babylab,central fixation,MB_141,brookes-babylab:MB_141,English,270,2,16,English,FALSE,8.91375,7.4325,1.9131873444268914,1.9149009045709382,-1.4812500000000002,0.45469144299151176,ADS_preference,0.0017135601440467774,0.5002238140858555
brookes-babylab,central fixation,MB_142,brookes-babylab:MB_142,English,300,1,15,English,FALSE,5.6,5.965714285714285,1.5659451425786215,1.7233876622421125,0.36571428571428566,0.5158102766798418,IDS_preference,0.157442519663491,0.5239322879449517
brookes-babylab,central fixation,MB_142,brookes-babylab:MB_142,English,307,2,13,English,FALSE,5.486,8.6175,1.6481765933679091,1.9691334019322249,3.1315,0.6110185414967916,IDS_preference,0.32095680856431574,0.5443640175961316
brookes-babylab,central fixation,MB_143,brookes-babylab:MB_143,English,287,1,16,English,FALSE,6.955,10.17375,1.871638670595234,2.1767376788054054,3.21875,0.593957527548712,IDS_preference,0.30509900821017144,0.5376816508494006
brookes-babylab,central fixation,MB_143,brookes-babylab:MB_143,English,297,2,14,English,FALSE,6.268571428571429,7.711428571428571,1.5622540673793106,1.820196481274786,1.4428571428571422,0.5516043327202125,IDS_preference,0.25794241389547534,0.538129517369901
brookes-babylab,central fixation,MB_144,brookes-babylab:MB_144,English,216,1,16,English,FALSE,9.28625,11.855,2.1725502317076018,2.3084009454843106,2.5687499999999996,0.5607520841955892,IDS_preference,0.13585071377670888,0.5151586915818444
brookes-babylab,central fixation,MB_144,brookes-babylab:MB_144,English,224,2,15,English,FALSE,12.854285714285714,13.91375,2.4464360734389543,2.571364086624597,1.0594642857142862,0.5197897278870721,IDS_preference,0.1249280131856425,0.51244848431589
brookes-babylab,central fixation,MB_36,brookes-babylab:MB_36,English,217,1,15,English,FALSE,4.17,6.45,1.3147997008443284,1.759701431231719,2.2800000000000002,0.6073446327683616,IDS_preference,0.44490173038739056,0.5723534829351277
brookes-babylab,central fixation,MB_36,brookes-babylab:MB_36,English,229,2,14,English,FALSE,3.4524999999999997,8.321666666666667,1.180515556585194,1.9318811267231228,4.8691666666666675,0.7067733031353953,IDS_preference,0.7513655701379289,0.6207053031137513
brookes-babylab,central fixation,MB_42,brookes-babylab:MB_42,English,228,1,16,English,FALSE,6.811249999999999,10.85375,1.8097956840105929,2.249298696399034,4.0425,0.6144211718086612,IDS_preference,0.43950301238844114,0.5541380627301511
brookes-babylab,central fixation,MB_42,brookes-babylab:MB_42,English,235,2,16,English,FALSE,4.96,10.838750000000001,1.562920778430566,2.269966724394867,5.878750000000001,0.686051111638579,IDS_preference,0.7070459459643008,0.5922341114164058
brookes-babylab,central fixation,MB_48,brookes-babylab:MB_48,English,269,1,16,English,FALSE,9.6225,10.56875,2.11750049806192,2.1454026878617443,0.9462499999999991,0.5234321797808457,IDS_preference,0.027902189799824395,0.5032726745814871
brookes-babylab,central fixation,MB_48,brookes-babylab:MB_48,English,278,2,14,English,FALSE,5.33,7.475714285714286,1.4230272362771443,1.819807128853816,2.145714285714286,0.5837795626952254,IDS_preference,0.3967798925766717,0.5611779461885418
brookes-babylab,central fixation,MB_50,brookes-babylab:MB_50,English,255,1,16,English,FALSE,5.0725,6.26,1.5012147742358155,1.735472820252561,1.1875,0.5523935583498787,IDS_preference,0.2342580460167456,0.5361879296623582
brookes-babylab,central fixation,MB_50,brookes-babylab:MB_50,English,262,2,15,English,FALSE,4.228571428571429,11.635,1.3085853201614115,2.3279386241596205,7.406428571428571,0.7334413976315908,IDS_preference,1.019353303998209,0.6401549006146487
brookes-babylab,central fixation,MB_63,brookes-babylab:MB_63,English,174,1,15,English,FALSE,4.7371428571428575,8.665,1.4753063599506866,2.104523528947851,3.9278571428571416,0.6465384000426371,IDS_preference,0.6292171689971646,0.5878836688509192
brookes-babylab,central fixation,MB_63,brookes-babylab:MB_63,English,182,2,16,English,FALSE,4.16875,8.055,1.2929020127013162,1.8648349183275157,3.8862499999999995,0.6589630841599345,IDS_preference,0.5719329056261995,0.5905605688691515
brookes-babylab,central fixation,MB_80,brookes-babylab:MB_80,English,270,1,16,English,FALSE,5.78125,6.43625,1.6539076049705281,1.7881241684382991,0.6550000000000002,0.5268058113361981,IDS_preference,0.134216563467771,0.5194967060595796
brookes-babylab,central fixation,MB_80,brookes-babylab:MB_80,English,282,2,16,English,FALSE,7.12625,11.08,1.796122601547576,2.2391457428653547,3.9537500000000003,0.6085822176450395,IDS_preference,0.44302314131777876,0.5548938885230732
brookes-babylab,central fixation,MB_88,brookes-babylab:MB_88,English,259,1,15,English,FALSE,5.414285714285715,4.80375,1.5587679215596855,1.4589332327615048,-0.6105357142857146,0.47012460460320504,ADS_preference,-0.09983468879818069,0.48345848649472417
brookes-babylab,central fixation,MB_88,brookes-babylab:MB_88,English,266,2,16,English,FALSE,4.4075,6.34125,1.4146026764768442,1.7406249237080123,1.9337499999999999,0.5899523200372137,IDS_preference,0.326022247231168,0.551663824063289
infantll-madison,HPP,mb2_002,infantll-madison:mb2_002,English,217,1,9,American English,TRUE,5.0817499999999995,6.6948,1.5361631466712387,1.8004343653305277,1.6130500000000003,0.5684856770446353,IDS_preference,0.26427121865928904,0.539601902493289
infantll-madison,HPP,mb2_002,infantll-madison:mb2_002,English,224,2,13,American English,TRUE,4.768571428571429,6.737333333333334,1.5323739010856794,1.7431497436168244,1.9687619047619052,0.5855544151243254,IDS_preference,0.210775842531145,0.5321743735344473
infantll-madison,HPP,mb2_003,infantll-madison:mb2_003,English,253,1,14,American English,TRUE,3.7043749999999998,7.050666666666666,1.2544951328848999,1.8541513504863778,3.3462916666666667,0.6555685124418392,IDS_preference,0.5996562176014779,0.5964497283317917
infantll-madison,HPP,mb2_003,infantll-madison:mb2_003,English,260,2,11,American English,TRUE,6.2202,9.513666666666667,1.5710163391983232,2.036578737092377,3.293466666666667,0.6046617063828345,IDS_preference,0.46556239789405374,0.5645253122992868
infantll-madison,HPP,mb2_005,infantll-madison:mb2_005,English,225,1,13,American English,TRUE,5.276142857142857,6.7076666666666664,1.559509290266259,1.5940565866294907,1.4315238095238092,0.5597274099976158,IDS_preference,0.03454729636323162,0.5054774971749185
infantll-madison,HPP,mb2_005,infantll-madison:mb2_005,English,232,2,11,American English,TRUE,4.3395,4.9034,1.442472514478042,1.5569799320912752,0.5639000000000003,0.5305044953423709,IDS_preference,0.11450741761323324,0.519088053511934
infantll-madison,HPP,mb2_007,infantll-madison:mb2_007,English,225,1,16,American English,TRUE,5.458,5.5815,1.6320142848251282,1.6005516012954981,0.12349999999999994,0.5055935504325377,IDS_preference,-0.03146268352963011,0.4951334814760128
infantll-madison,HPP,mb2_007,infantll-madison:mb2_007,English,232,2,13,American English,TRUE,3.6414999999999997,7.363571428571428,1.2395843122006551,1.8273304966474915,3.7220714285714287,0.6691070999733889,IDS_preference,0.5877461844468364,0.595820428847774
infantll-madison,HPP,mb2_008,infantll-madison:mb2_008,English,188,1,11,American English,TRUE,5.691,9.3146,1.5412291093473358,2.0432462808711302,3.6236000000000006,0.6207415898064722,IDS_preference,0.5020171715237944,0.5700265892316808
infantll-madison,HPP,mb2_008,infantll-madison:mb2_008,English,191,2,7,American English,TRUE,10.697666666666667,12.798,2.2875004717289595,2.455950099411552,2.1003333333333334,0.5446961851121483,IDS_preference,0.16844962768259242,0.5177560222412194
infantll-madison,HPP,mb2_009,infantll-madison:mb2_009,English,218,1,15,American English,TRUE,11.12175,16.17157142857143,2.314402809192737,2.781674261002415,5.049821428571429,0.5925102033071931,IDS_preference,0.4672714518096779,0.5458461916267471
infantll-madison,HPP,mb2_009,infantll-madison:mb2_009,English,225,2,16,American English,TRUE,7.391,8.508875,1.662302167773782,1.7637936756626718,1.1178749999999997,0.5351535782514013,IDS_preference,0.10149150788888983,0.5148115395083477
infantll-madison,HPP,mb2_010,infantll-madison:mb2_010,English,219,1,8,American English,TRUE,10.195500000000001,8.1035,2.1630389039713354,1.9685955274046425,-2.0920000000000005,0.44283840647029893,ADS_preference,-0.19444337656669286,0.4764689519612295
infantll-madison,HPP,mb2_010,infantll-madison:mb2_010,English,226,2,9,American English,TRUE,7.114,6.7132,1.8126503243895933,1.9025033630408263,-0.40080000000000027,0.4855068271233511,ADS_preference,0.08985303865123306,0.5120927754557282
infantll-madison,HPP,mb2_011,infantll-madison:mb2_011,English,222,1,12,American English,TRUE,9.6372,5.635142857142857,2.2197303671551047,1.677298097571369,-4.002057142857143,0.3689769742503723,ADS_preference,-0.5424322695837358,0.4304043741926057
infantll-madison,HPP,mb2_011,infantll-madison:mb2_011,English,229,2,12,American English,TRUE,2.7561999999999998,6.952571428571429,0.9415143127009512,1.912462164926585,4.196371428571429,0.7161123814400528,IDS_preference,0.9709478522256337,0.6701043894084171
infantll-madison,HPP,mb2_012,infantll-madison:mb2_012,English,256,1,12,American English,TRUE,5.1615,5.3965,1.4961479745510615,1.5514208381791172,0.23499999999999943,0.5111290017048683,IDS_preference,0.055272863628055724,0.5090683536655797
infantll-madison,HPP,mb2_012,infantll-madison:mb2_012,English,263,2,15,American English,TRUE,5.430428571428571,6.68775,1.4416761191427434,1.7965768823532862,1.2573214285714291,0.5518774921973776,IDS_preference,0.35490076321054276,0.5547981833177618
infantll-madison,HPP,mb2_013,infantll-madison:mb2_013,English,209,1,12,American English,TRUE,5.628333333333334,3.9526666666666666,1.515371656498836,1.3048894377086009,-1.6756666666666673,0.4125526215078454,ADS_preference,-0.2104822187902351,0.46268391263090025
infantll-madison,HPP,mb2_013,infantll-madison:mb2_013,English,222,2,10,American English,TRUE,3.2535,5.693666666666667,1.1669162961637947,1.49568654217809,2.4401666666666673,0.6363653298064564,IDS_preference,0.3287702460142954,0.5617385066371812
infantll-madison,HPP,mb2_014,infantll-madison:mb2_014,English,192,1,9,American English,TRUE,11.8854,11.16825,2.417847614225796,2.186514407867427,-0.7171500000000002,0.4844460638553982,ADS_preference,-0.2313332063583693,0.4748789077348438
infantll-madison,HPP,mb2_014,infantll-madison:mb2_014,English,199,2,10,American English,TRUE,10.089333333333332,9.53,2.171900963676622,2.0903334850607034,-0.559333333333333,0.4857453532230114,ADS_preference,-0.08156747861591862,0.49043137119779
infantll-madison,HPP,mb2_015,infantll-madison:mb2_015,English,209,1,13,American English,TRUE,4.191833333333333,8.016714285714286,1.3696842876161477,1.9648040156765665,3.824880952380953,0.6566476648874032,IDS_preference,0.5951197280604188,0.5892370393791387
infantll-madison,HPP,mb2_015,infantll-madison:mb2_015,English,224,2,11,American English,TRUE,13.3904,11.260333333333334,2.5213363161839584,2.2937244144925666,-2.130066666666666,0.45679506492031335,ADS_preference,-0.22761190169139178,0.47636458661452735
infantll-madison,HPP,mb2_016,infantll-madison:mb2_016,English,263,1,13,American English,TRUE,3.711333333333333,6.426571428571429,1.2716569453815212,1.5919515217355824,2.715238095238096,0.6339151510596723,IDS_preference,0.3202945763540612,0.5559249946408549
infantll-madison,HPP,mb2_016,infantll-madison:mb2_016,English,270,2,11,American English,TRUE,3.027,4.518,1.0299188761404656,1.46888440659923,1.4909999999999997,0.5988071570576541,IDS_preference,0.4389655304587643,0.587835151628559
infantll-madison,HPP,mb2_017,infantll-madison:mb2_017,English,253,1,16,American English,TRUE,6.2,6.879125,1.597720267427734,1.786838313881176,0.679125,0.5259621725459462,IDS_preference,0.1891180464534421,0.5279383621098832
infantll-madison,HPP,mb2_017,infantll-madison:mb2_017,English,258,2,15,American English,TRUE,2.4465714285714286,3.525125,0.8860314599088782,1.2049640957371444,1.0785535714285714,0.5903054587862386,IDS_preference,0.31893263582826614,0.5762633461766805
infantll-madison,HPP,mb2_018,infantll-madison:mb2_018,English,205,1,16,American English,TRUE,8.244625,7.814125,2.0087867175614416,1.9848463505045062,-0.43049999999999944,0.4865960924729509,ADS_preference,-0.023940367056935363,0.49700268318985436
infantll-madison,HPP,mb2_018,infantll-madison:mb2_018,English,212,2,13,American English,TRUE,7.761666666666667,8.979714285714286,1.9502187811332747,1.9188071421803237,1.2180476190476188,0.5363783496269581,IDS_preference,-0.03141163895295107,0.4959406269723247
infantll-madison,HPP,mb2_019,infantll-madison:mb2_019,English,185,1,13,American English,TRUE,6.099333333333333,5.739857142857143,1.6597977083460358,1.669598960439959,-0.3594761904761903,0.4848183796350298,ADS_preference,0.00980125209392324,0.5014719261579452
infantll-madison,HPP,mb2_019,infantll-madison:mb2_019,English,192,2,12,American English,TRUE,6.7615,6.398166666666667,1.7604301185147482,1.6437119533814861,-0.3633333333333333,0.48619519238075937,ADS_preference,-0.11671816513326205,0.4828564491921682
infantll-madison,HPP,mb2_020,infantll-madison:mb2_020,English,266,1,16,American English,TRUE,7.3355,6.602125,1.8621339180572822,1.7849293950896332,-0.7333749999999997,0.47369081891642223,ADS_preference,-0.07720452296764901,0.4894155219777317
infantll-madison,HPP,mb2_020,infantll-madison:mb2_020,English,272,2,12,American English,TRUE,11.622399999999999,10.658142857142858,2.3941707701299237,2.3162665860640073,-0.9642571428571411,0.4783610042843276,ADS_preference,-0.07790418406591648,0.491730684629159
infantll-madison,HPP,mb2_021,infantll-madison:mb2_021,English,245,1,14,American English,TRUE,8.034714285714285,10.863857142857142,1.9357867967005924,2.211936530532434,2.829142857142857,0.5748507067805578,IDS_preference,0.2761497338318417,0.5332893146486778
infantll-madison,HPP,mb2_021,infantll-madison:mb2_021,English,273,2,16,American English,TRUE,4.642875,9.8115,1.4370901064918096,2.089508620724109,5.1686250000000005,0.6787910234790505,IDS_preference,0.6524185142322994,0.5924996809528359
infantll-madison,HPP,mb2_022,infantll-madison:mb2_022,English,218,1,15,American English,TRUE,6.099285714285714,7.85825,1.685018731099501,1.8922557960070128,1.7589642857142858,0.5630112765505576,IDS_preference,0.2072370649075117,0.5289657759471895
infantll-madison,HPP,mb2_022,infantll-madison:mb2_022,English,225,2,16,American English,TRUE,9.037,5.657375,1.930422917703496,1.7019961411550433,-3.3796250000000008,0.38500276466334904,ADS_preference,-0.22842677654845267,0.46855721038141535
infantll-madison,HPP,mb2_023,infantll-madison:mb2_023,English,251,1,13,American English,TRUE,5.384857142857142,15.1155,1.4201288660670668,2.678000304293887,9.730642857142858,0.737328617968328,IDS_preference,1.2578714382268201,0.6534689837651004
infantll-madison,HPP,mb2_023,infantll-madison:mb2_023,English,258,2,14,American English,TRUE,6.4885,11.651833333333334,1.7035803311224424,2.4067374145068383,5.163333333333334,0.6423163852189412,IDS_preference,0.7031570833843959,0.5855356114660599
infantll-madison,HPP,mb2_025,infantll-madison:mb2_025,English,225,1,13,American English,TRUE,6.258166666666667,8.710285714285714,1.7670933563410323,2.1196469710083856,2.452119047619047,0.5819095717182964,IDS_preference,0.35255361466735335,0.5453533790496082
infantll-madison,HPP,mb2_025,infantll-madison:mb2_025,English,235,2,12,American English,TRUE,4.3946,4.868857142857143,1.3947159321783134,1.44478442870788,0.4742571428571436,0.5255982801854292,IDS_preference,0.050068496529566575,0.5088164272171356
infantll-madison,HPP,mb2_027,infantll-madison:mb2_027,English,218,1,13,American English,TRUE,5.869714285714286,8.557666666666666,1.566522393805904,2.0058923031238276,2.68795238095238,0.5931545507055037,IDS_preference,0.4393699093179235,0.5614948076570638
infantll-madison,HPP,mb2_027,infantll-madison:mb2_027,English,225,2,12,American English,TRUE,6.379166666666666,7.283,1.8034026472230906,1.8353058044634567,0.9038333333333339,0.5330779646956925,IDS_preference,0.031903157240366076,0.5043838573032114
infantll-madison,HPP,mb2_028,infantll-madison:mb2_028,English,191,1,10,American English,TRUE,11.437800000000001,11.988,2.2600109144786216,2.4194305416357618,0.5501999999999985,0.5117434623363982,IDS_preference,0.1594196271571402,0.5170340444102399
infantll-madison,HPP,mb2_028,infantll-madison:mb2_028,English,198,2,16,American English,TRUE,10.7345,10.120625,2.24165460499363,2.230313661646618,-0.6138750000000002,0.4852823946152325,ADS_preference,-0.011340943347011745,0.49873199644196803
infantll-madison,HPP,mb2_029,infantll-madison:mb2_029,English,238,1,16,American English,TRUE,4.4145,5.332,1.3944411044106175,1.5195898275981836,0.9174999999999995,0.5470681783204226,IDS_preference,0.1251487231875661,0.5214734719890729
infantll-madison,HPP,mb2_029,infantll-madison:mb2_029,English,245,2,15,American English,TRUE,8.293857142857142,6.8955,1.9090609673929506,1.796248856781386,-1.398357142857142,0.45396917954770966,ADS_preference,-0.11281211061156471,0.4847769665743535
infantll-madison,HPP,mb2_031,infantll-madison:mb2_031,English,224,1,16,American English,TRUE,5.782375,7.123625,1.43191205573268,1.6887190888341441,1.3412499999999996,0.5519622656128933,IDS_preference,0.256807033101464,0.5411466497007469
infantll-madison,HPP,mb2_031,infantll-madison:mb2_031,English,238,2,15,American English,TRUE,4.801714285714286,4.169125,1.4608034036008961,1.2878456385911918,-0.6325892857142854,0.4647419117895881,ADS_preference,-0.17295776500970428,0.4685376775363493
infantll-madison,HPP,mb2_032,infantll-madison:mb2_032,English,238,1,15,American English,TRUE,6.793857142857143,5.0005,1.646772634137509,1.5649987775121896,-1.7933571428571433,0.42397393426638647,ADS_preference,-0.08177385662531944,0.4872696642842155
infantll-madison,HPP,mb2_032,infantll-madison:mb2_032,English,246,2,12,American English,TRUE,3.894,7.08,1.33473518634585,1.719702220425797,3.186,0.6451612903225806,IDS_preference,0.3849670340799469,0.5630176662364205
infantll-madison,HPP,mb2_033,infantll-madison:mb2_033,English,208,1,15,American English,TRUE,6.268625,9.58842857142857,1.6415303595987727,2.116287007405873,3.3198035714285705,0.6046790804002274,IDS_preference,0.47475664780710036,0.5631692018850731
infantll-madison,HPP,mb2_033,infantll-madison:mb2_033,English,224,2,13,American English,TRUE,5.8124,5.834375,1.7325931960569823,1.5547508146862918,0.02197499999999941,0.5009433942013991,IDS_preference,-0.17784238137069042,0.4729504455892829
infantll-madison,HPP,mb2_034,infantll-madison:mb2_034,English,202,1,13,American English,TRUE,6.639666666666667,6.190142857142858,1.7505394251897408,1.5997136071019022,-0.449523809523809,0.4824812750068665,ADS_preference,-0.15082581808783857,0.4774903840644134
infantll-madison,HPP,mb2_034,infantll-madison:mb2_034,English,209,2,11,American English,TRUE,5.6734285714285715,2.78425,1.5509922532011398,1.0058387943570417,-2.8891785714285714,0.3291978970926673,ADS_preference,-0.545153458844098,0.3933927489333468
lancslab,Eyetracking,P01,lancslab:P01,English,208,1,12,English,FALSE,11.6875,9.188500000000001,2.448718066096078,2.2087867903459055,-2.4989999999999988,0.4401465798045603,ADS_preference,-0.23993127575017237,0.4742425093321896
lancslab,Eyetracking,P01,lancslab:P01,English,215,2,16,English,FALSE,9.381875,11.188125,2.115195796201661,2.338009764213301,1.8062499999999986,0.543904958677686,IDS_preference,0.2228139680116401,0.5250172561078539
lancslab,Eyetracking,P02,lancslab:P02,English,204,1,7,English,FALSE,9.9365,7.6126000000000005,2.0551652353300778,1.8543644927963134,-2.3239,0.4337886273370144,ADS_preference,-0.20080074253376434,0.4743190669341711
lancslab,Eyetracking,P02,lancslab:P02,English,211,2,14,English,FALSE,8.524285714285714,10.423428571428571,1.9827676620835197,2.2964179513743286,1.8991428571428575,0.55011535503717,IDS_preference,0.31365028929080885,0.5366483622846825
lancslab,Eyetracking,P03,lancslab:P03,English,258,1,11,English,FALSE,7.8948,6.720666666666666,1.9261338365573621,1.7370979348419378,-1.1741333333333337,0.45983250620347393,ADS_preference,-0.1890359017154244,0.47419820618622566
lancslab,Eyetracking,P03,lancslab:P03,English,265,2,9,English,FALSE,8.04525,8.0138,1.9429686746516615,1.9748169838427072,-0.031449999999999534,0.4990208013549992,ADS_preference,0.031848309191045754,0.5040645803480843
lancslab,Eyetracking,P04,lancslab:P04,English,250,1,16,English,FALSE,10.359375,11.251875,2.2929805930175924,2.3895258987674324,0.8925000000000001,0.5206489675516225,IDS_preference,0.09654530574984,0.5103091480939982
lancslab,Eyetracking,P04,lancslab:P04,English,257,2,14,English,FALSE,5.658875,9.4945,1.5321642539942544,2.2134124494294847,3.8356250000000003,0.6265600897489834,IDS_preference,0.6812481954352303,0.5909403610414009
lancslab,Eyetracking,P05,lancslab:P05,English,186,1,15,English,FALSE,9.444714285714285,10.172,2.16250775159683,2.2119787192665177,0.7272857142857152,0.5185373988653991,IDS_preference,0.04947096766968784,0.5056544885895972
lancslab,Eyetracking,P05,lancslab:P05,English,193,2,16,English,FALSE,9.713375,11.443125,2.2057139589259855,2.3486797208225956,1.729750000000001,0.5408798714343109,IDS_preference,0.14296576189661003,0.5156953671497829
lancslab,Eyetracking,P06,lancslab:P06,English,257,1,15,English,FALSE,9.753142857142857,12.991875,2.1978954089796843,2.53648698421358,3.2387321428571436,0.5711965179187594,IDS_preference,0.3385915752338957,0.5357587903884461
lancslab,Eyetracking,P06,lancslab:P06,English,264,2,16,English,FALSE,10.189375,12.135125,2.282468759508298,2.39657233465261,1.9457500000000003,0.5435788035566306,IDS_preference,0.1141035751443118,0.5121930511880634
lancslab,Eyetracking,P07,lancslab:P07,English,210,1,16,English,FALSE,13.317375,14.64975,2.5622183366792184,2.669165748686902,1.332374999999999,0.5238203783906997,IDS_preference,0.10694741200768343,0.510221712864369
lancslab,Eyetracking,P07,lancslab:P07,English,217,2,16,English,FALSE,12.756375,14.347999999999999,2.5219719660437847,2.636166661218242,1.5916249999999987,0.5293610348882791,IDS_preference,0.11419469517445746,0.5110693705061464
lancslab,Eyetracking,P08,lancslab:P08,English,233,1,16,English,FALSE,12.586375,13.217500000000001,2.5067151986794363,2.5711760529934864,0.6311250000000008,0.512229267890966,IDS_preference,0.06446085431405013,0.5063472070510385
lancslab,Eyetracking,P08,lancslab:P08,English,240,2,12,English,FALSE,10.4238,11.198142857142857,2.2106070728196623,2.270588440458273,0.774342857142857,0.5179064125332995,IDS_preference,0.05998136763861073,0.5066925631185789
lancslab,Eyetracking,P09,lancslab:P09,English,249,1,13,English,FALSE,9.899666666666667,11.540571428571429,2.2238839996656146,2.369510736766638,1.6409047619047623,0.5382669435529546,IDS_preference,0.14562673710102336,0.5158517551241562
lancslab,Eyetracking,P09,lancslab:P09,English,256,2,16,English,FALSE,6.749,8.60625,1.7732130251175475,2.0626573332703466,1.8572499999999996,0.5604760586769998,IDS_preference,0.2894443081527991,0.5377286353695285
lancslab,Eyetracking,P10,lancslab:P10,English,229,1,16,English,FALSE,12.89625,12.475875,2.5106785677686894,2.509875422890081,-0.42037499999999994,0.4917158101656838,ADS_preference,-8.031448786085527e-4,0.4999200143171348
lancslab,Eyetracking,P10,lancslab:P10,English,236,2,16,English,FALSE,10.894875,12.254875,2.311792233005446,2.4787904125162616,1.3599999999999994,0.5293739673214614,IDS_preference,0.16699817951081553,0.5174298401538827
lancslab,Eyetracking,P11,lancslab:P11,English,235,1,16,English,FALSE,8.97175,12.016875,2.103273370984151,2.4604688921813063,3.0451250000000005,0.5725422699200162,IDS_preference,0.35719552119715514,0.5391340593530145
lancslab,Eyetracking,P11,lancslab:P11,English,242,2,16,English,FALSE,14.177624999999999,15.21925,2.6271029275295437,2.715973013311374,1.0416250000000016,0.5177165940257256,IDS_preference,0.08887008578183053,0.5083163786895235
lancslab,Eyetracking,P13,lancslab:P13,English,230,1,14,English,FALSE,4.116428571428571,5.427857142857143,1.2857262532404492,1.5768918769384335,1.3114285714285723,0.568702290076336,IDS_preference,0.29116562369798427,0.5508565254702327
lancslab,Eyetracking,P13,lancslab:P13,English,237,2,16,English,FALSE,6.551375,5.1425,1.8244193542085516,1.5391024976135141,-1.408875,0.43976013083772486,ADS_preference,-0.28531685659503747,0.4575865909061246
lancslab,Eyetracking,P14,lancslab:P14,English,261,1,15,English,FALSE,9.998125,11.295285714285715,2.273551746575772,2.4037702891634742,1.2971607142857149,0.5304592047674038,IDS_preference,0.13021854258770205,0.5139202027990276
lancslab,Eyetracking,P14,lancslab:P14,English,271,2,12,English,FALSE,6.511,9.576666666666666,1.693109898065506,2.177585467799546,3.065666666666666,0.5952800281789362,IDS_preference,0.48447556973403993,0.5625824979674894
lancslab,Eyetracking,P15,lancslab:P15,English,209,1,14,English,FALSE,8.504857142857142,7.438714285714286,2.0704487922326975,1.9748933432623965,-1.0661428571428564,0.4665651180502666,ADS_preference,-0.095555448970301,0.4881894477933192
lancslab,Eyetracking,P15,lancslab:P15,English,216,2,8,English,FALSE,10.54425,12.67775,2.3283110349401515,2.4879233628387025,2.1334999999999997,0.5459370424597364,IDS_preference,0.15961232789855107,0.5165702408475137
lancslab,Eyetracking,P16,lancslab:P16,English,272,1,10,English,FALSE,11.815000000000001,8.774333333333333,2.460977456519222,2.0258091697960117,-3.0406666666666684,0.4261591762725035,ADS_preference,-0.4351682867232105,0.4515055737026889
lancslab,Eyetracking,P16,lancslab:P16,English,279,2,10,English,FALSE,7.9594,10.1626,1.8574622792370643,2.2598442783156973,2.2032,0.5607879924953095,IDS_preference,0.40238199907863303,0.5488647120944281
lancslab,Eyetracking,P17,lancslab:P17,English,220,1,15,English,FALSE,10.017857142857142,10.01725,2.1587834017287477,2.238080201524414,-6.071428571416959e-4,0.49998484802569776,ADS_preference,0.0792967997956664,0.5090174277565713
lancslab,Eyetracking,P17,lancslab:P17,English,227,2,9,English,FALSE,6.409,6.59175,1.6020563196690858,1.678693736440795,0.1827500000000004,0.5070284406668846,IDS_preference,0.07663741677170921,0.5116798621444789
wsi-goettingen,HPP,M502,wsi-goettingen:M502,German,260,1,15,German,FALSE,7.630875,9.641428571428571,1.7599646908235722,2.1751258586597553,2.010553571428572,0.558201662653567,IDS_preference,0.41516116783618306,0.5527511581519634
wsi-goettingen,HPP,M502,wsi-goettingen:M502,German,267,2,16,German,FALSE,5.2385,5.39675,1.5107693142638394,1.5088670574804122,0.15824999999999978,0.5074398815260572,IDS_preference,-0.0019022567834272586,0.4996850188980986
wsi-goettingen,HPP,M503,wsi-goettingen:M503,German,223,1,14,German,FALSE,7.074166666666667,7.7044999999999995,1.9340621253249661,1.8265930025616572,0.6303333333333327,0.5213257849151931,IDS_preference,-0.10746912276330889,0.4857113828430602
wsi-goettingen,HPP,M503,wsi-goettingen:M503,German,248,2,15,German,FALSE,7.369142857142857,5.019625,1.8819026793579736,1.4988236416641347,-2.3495178571428577,0.4051754829763712,ADS_preference,-0.3830790376938389,0.443343678056433
wsi-goettingen,HPP,M504,wsi-goettingen:M504,German,228,1,16,German,FALSE,12.77725,13.215499999999999,2.4523808965874485,2.5284017410196444,0.43824999999999825,0.508430235354089,IDS_preference,0.07602084443219592,0.50763141557897
wsi-goettingen,HPP,M504,wsi-goettingen:M504,German,235,2,16,German,FALSE,9.40775,9.79475,2.007279540387162,2.1086736065758425,0.38700000000000045,0.5100768129149851,IDS_preference,0.1013940661886803,0.5123172036425505
wsi-goettingen,HPP,M505,wsi-goettingen:M505,German,266,1,16,German,FALSE,10.603,13.856,2.3164319576293906,2.543495695379745,3.253,0.5664990392084713,IDS_preference,0.22706373775035438,0.5233608146007855
wsi-goettingen,HPP,M505,wsi-goettingen:M505,German,286,2,10,German,FALSE,2.987,7.036,1.077893451637011,1.7647691754493342,4.0489999999999995,0.7019854335029432,IDS_preference,0.6868757238123233,0.6208155546260431
wsi-goettingen,HPP,M506,wsi-goettingen:M506,German,252,1,16,German,FALSE,7.01725,13.436625000000001,1.7197078162781305,2.5511162852741314,6.419375000000001,0.6569231991493055,IDS_preference,0.8314084689960008,0.5973358360385083
wsi-goettingen,HPP,M506,wsi-goettingen:M506,German,259,2,16,German,FALSE,7.594125,10.041125,1.8795221474140358,2.2205907992879292,2.446999999999999,0.569378092173346,IDS_preference,0.34106865187389346,0.5415925922416651
wsi-goettingen,HPP,M507,wsi-goettingen:M507,German,222,1,14,German,FALSE,5.664142857142857,8.930428571428571,1.5930933830899974,2.1095474611013416,3.266285714285714,0.6119007067206985,IDS_preference,0.5164540780113442,0.5697413143407565
wsi-goettingen,HPP,M507,wsi-goettingen:M507,German,228,2,12,German,FALSE,7.2196,4.807428571428571,1.945495517635314,1.4960901921836818,-2.412171428571429,0.3997187287680605,ADS_preference,-0.44940532545163214,0.43470955493430563
wsi-goettingen,HPP,M508,wsi-goettingen:M508,German,232,1,15,German,FALSE,11.25275,11.943571428571428,2.327035066316267,2.377332688133753,0.6908214285714269,0.514890753921881,IDS_preference,0.05029762181748598,0.5053458428892924
wsi-goettingen,HPP,M508,wsi-goettingen:M508,German,237,2,13,German,FALSE,7.753428571428572,12.974166666666667,1.841338151813966,2.4740275658678805,5.2207380952380955,0.6259368980161022,IDS_preference,0.6326894140539145,0.5733065811156541
wsi-goettingen,HPP,M509,wsi-goettingen:M509,German,244,1,15,German,FALSE,6.41375,7.4275714285714285,1.6843077532646382,1.9272495415938087,1.0138214285714282,0.536622999971617,IDS_preference,0.24294178832917046,0.5336339380071627
wsi-goettingen,HPP,M509,wsi-goettingen:M509,German,249,2,10,German,FALSE,7.157166666666667,6.54925,1.7971808646266905,1.7791539475453912,-0.6079166666666671,0.47782364707527497,ADS_preference,-0.01802691708129922,0.4974796938726284
wsi-goettingen,HPP,M510,wsi-goettingen:M510,German,249,1,16,German,FALSE,7.985875,6.698,1.9425558373920355,1.7604085446803475,-1.2878749999999997,0.45614662342195095,ADS_preference,-0.18214729271168806,0.4754052059488419
wsi-goettingen,HPP,M510,wsi-goettingen:M510,German,258,2,15,German,FALSE,10.098749999999999,9.806857142857144,2.100276253588174,2.159088619978742,-0.2918928571428552,0.4926680745016211,ADS_preference,0.05881236639056775,0.5069038892107541
wsi-goettingen,HPP,M511,wsi-goettingen:M511,German,204,1,16,German,FALSE,9.069749999999999,12.7905,2.079480640994761,2.3850936704679198,3.7207500000000007,0.5851030980889971,IDS_preference,0.3056130294731587,0.5342264467060729
wsi-goettingen,HPP,M511,wsi-goettingen:M511,German,212,2,16,German,FALSE,3.9285,9.67775,1.3020840824694018,2.0323108681789424,5.74925,0.7112723932016537,IDS_preference,0.7302267857095406,0.6094991440002562
wsi-goettingen,HPP,M514,wsi-goettingen:M514,German,236,1,16,German,FALSE,7.413125,9.761625,1.8364037478440913,2.16468473764063,2.3485000000000005,0.5683707186421928,IDS_preference,0.32828098979653886,0.5410239602282587
wsi-goettingen,HPP,M514,wsi-goettingen:M514,German,255,2,16,German,FALSE,6.4796249999999995,7.702875000000001,1.7477621486375137,1.9272001011147608,1.223250000000001,0.5431253305129561,IDS_preference,0.17943795247724714,0.5244135776482252
wsi-goettingen,HPP,M515,wsi-goettingen:M515,German,204,1,16,German,FALSE,13.943375,12.924125,2.612384432945267,2.4904406501411143,-1.0192499999999995,0.48103191588350236,ADS_preference,-0.12194378280415252,0.4880513459878977
wsi-goettingen,HPP,M515,wsi-goettingen:M515,German,219,2,16,German,FALSE,11.49875,13.651875,2.3718009064836068,2.553814441420224,2.153125000000001,0.5428046022713154,IDS_preference,0.1820135349366172,0.5184762229773053
wsi-goettingen,HPP,M516,wsi-goettingen:M516,German,228,1,16,German,FALSE,12.0435,12.171375,2.3756909361714227,2.4171573793911962,0.12787499999999952,0.5026404224675948,IDS_preference,0.04146644321977355,0.5043258664253081
wsi-goettingen,HPP,M516,wsi-goettingen:M516,German,235,2,16,German,FALSE,13.181125,10.533999999999999,2.4731637233200567,2.227485799184452,-2.647125000000001,0.4441890987291865,ADS_preference,-0.24567792413560463,0.47386766201570507
wsi-goettingen,HPP,M517,wsi-goettingen:M517,German,207,1,15,German,FALSE,13.24,12.796000000000001,2.5066520376163832,2.4100217073732284,-0.44399999999999906,0.4914733445997849,ADS_preference,-0.09663033024315482,0.4901732009021722
wsi-goettingen,HPP,M517,wsi-goettingen:M517,German,216,2,16,German,FALSE,11.870249999999999,9.65725,2.2979270748680998,2.060391556913169,-2.212999999999999,0.4486006271048659,ADS_preference,-0.23753551795493077,0.4727491794401172
wsi-goettingen,HPP,M518,wsi-goettingen:M518,German,266,1,16,German,FALSE,8.650625,10.448,2.0391807718213104,2.183599978989882,1.7973750000000006,0.5470550890443684,IDS_preference,0.1444192071685717,0.5171000124906826
wsi-goettingen,HPP,M518,wsi-goettingen:M518,German,272,2,16,German,FALSE,5.588875,6.395125,1.6129529139723182,1.6219887916996298,0.8062500000000004,0.5336386014686249,IDS_preference,0.009035877727311625,0.5013966059591536
wsi-goettingen,HPP,M520,wsi-goettingen:M520,German,271,1,12,German,FALSE,4.883,3.87,1.3616259559760517,1.3148159781321458,-1.013,0.44213412544270536,ADS_preference,-0.04680997784390595,0.4912551852428842
wsi-goettingen,HPP,M520,wsi-goettingen:M520,German,276,2,13,German,FALSE,3.316,4.69,1.1258019241137425,1.3582709498342083,1.3740000000000006,0.5858106420184862,IDS_preference,0.2324690257204658,0.5467919093997837
wsi-goettingen,central fixation,M213,wsi-goettingen:M213,German,229,1,16,German,FALSE,12.25,15.0325,2.419298455579494,2.6717163715310055,2.7825000000000006,0.5509942270686338,IDS_preference,0.2524179159515114,0.5247905304269931
wsi-goettingen,central fixation,M213,wsi-goettingen:M213,German,236,2,11,German,FALSE,7.171428571428572,5.922499999999999,1.6536219904082294,1.5837823927504748,-1.2489285714285723,0.4523088672503614,ADS_preference,-0.0698395976577546,0.4892136431857158
wsi-goettingen,central fixation,M214,wsi-goettingen:M214,German,223,1,16,German,FALSE,5.805,6.0425,1.6278564371660431,1.5452433580157174,0.2375000000000007,0.510023211648027,IDS_preference,-0.08261307915032567,0.4869822753013046
wsi-goettingen,central fixation,M214,wsi-goettingen:M214,German,231,2,11,German,FALSE,13.504,11.185,2.528654379941121,2.341316739776333,-2.318999999999999,0.4530357649155495,ADS_preference,-0.18733764016478816,0.4807660419785347
wsi-goettingen,central fixation,M215,wsi-goettingen:M215,German,249,1,14,German,FALSE,4.532857142857143,5.84,1.4008565117827578,1.670408345402947,1.307142857142857,0.5630078501583804,IDS_preference,0.2695518336201892,0.5438828701128674
wsi-goettingen,central fixation,M215,wsi-goettingen:M215,German,256,2,15,German,FALSE,6.185714285714286,4.82875,1.652817286122208,1.2994734846505045,-1.3569642857142856,0.4384008041374167,ADS_preference,-0.3533438014717034,0.4401576895863781
wsi-goettingen,central fixation,M217,wsi-goettingen:M217,German,256,1,14,German,FALSE,6.771428571428571,8.778571428571428,1.7903634597898714,1.992378263577331,2.007142857142857,0.5645383555351401,IDS_preference,0.20201480378745962,0.5267021671793702
wsi-goettingen,central fixation,M217,wsi-goettingen:M217,German,263,2,13,German,FALSE,8.55875,10.324,2.0627723294076916,2.264251894843879,1.76525,0.5467423971614304,IDS_preference,0.20147956543618717,0.5232815388814973
wsi-goettingen,central fixation,M218,wsi-goettingen:M218,German,262,1,16,German,FALSE,8.81375,9.780000000000001,2.0589829866033043,2.085544963197627,0.9662500000000005,0.525983193277311,IDS_preference,0.0265619765943228,0.5032044634414395
wsi-goettingen,central fixation,M218,wsi-goettingen:M218,German,269,2,11,German,FALSE,6.953333333333333,8.296,1.7498926838606734,1.821824313631322,1.3426666666666662,0.5440237824604354,IDS_preference,0.07193162977064849,0.5100696149528585
wsi-goettingen,central fixation,M219,wsi-goettingen:M219,German,222,1,16,German,FALSE,9.6,9.455,2.111792347926101,2.1208859111919467,-0.14499999999999957,0.4961952243505642,ADS_preference,0.009093563265845539,0.5010742091306203
wsi-goettingen,central fixation,M219,wsi-goettingen:M219,German,229,2,15,German,FALSE,6.30375,5.948571428571428,1.7470710361031703,1.718216600714322,-0.35517857142857157,0.48550566219229596,ADS_preference,-0.028854435388848243,0.4958366464182829
wsi-goettingen,central fixation,M220,wsi-goettingen:M220,German,205,1,16,German,FALSE,5.40375,5.9725,1.54637841732066,1.6670288004382032,0.5687500000000005,0.5249972530491156,IDS_preference,0.12065038311754317,0.5187729682143567
wsi-goettingen,central fixation,M220,wsi-goettingen:M220,German,221,2,16,German,FALSE,11.46125,11.9225,2.2854653905633446,2.309241346688557,0.4612499999999997,0.5098626182712354,IDS_preference,0.02377595612521244,0.5025873203106138
wsi-goettingen,central fixation,M221,wsi-goettingen:M221,German,259,1,16,German,FALSE,11.07375,11.42125,2.321750444452251,2.3081235342617714,0.34750000000000014,0.507723938653034,IDS_preference,-0.01362691019047979,0.4985283713711075
wsi-goettingen,central fixation,M221,wsi-goettingen:M221,German,260,2,16,German,FALSE,9.905,11.73625,2.1784400316914274,2.2428515682770604,1.8312500000000007,0.5423092473863571,IDS_preference,0.06441153658563303,0.5072842443355345
wsi-goettingen,central fixation,M223,wsi-goettingen:M223,German,195,1,16,German,FALSE,8.9925,7.75875,1.9847757472364667,1.7899846556631864,-1.2337499999999997,0.4631743899708977,ADS_preference,-0.19479109157328023,0.4741982177963338
wsi-goettingen,central fixation,M223,wsi-goettingen:M223,German,202,2,10,German,FALSE,2.485,4.665,0.8781892439644932,1.2125940789127359,2.18,0.6524475524475524,IDS_preference,0.3344048349482427,0.5799711838355521
wsi-goettingen,central fixation,M226,wsi-goettingen:M226,German,211,1,16,German,FALSE,10.3575,11.405000000000001,2.1632279419078153,2.3041008916460015,1.0475000000000012,0.5240666283744974,IDS_preference,0.1408729497381862,0.5157670226422666
wsi-goettingen,central fixation,M226,wsi-goettingen:M226,German,230,2,15,German,FALSE,6.962857142857143,5.4575000000000005,1.7811094639791833,1.603753800408342,-1.5053571428571422,0.4393996031860138,ADS_preference,-0.17735566357084132,0.4738016502118686
wsi-goettingen,central fixation,M227,wsi-goettingen:M227,German,236,1,16,German,FALSE,8.7225,10.38,1.954032164027218,2.1152928110168743,1.6575000000000006,0.5433843737730664,IDS_preference,0.16126064698965625,0.5198141765499951
wsi-goettingen,central fixation,M227,wsi-goettingen:M227,German,244,2,16,German,FALSE,9.71625,10.04875,2.069306583997347,2.177552700071773,0.3324999999999996,0.508411333164685,IDS_preference,0.10824611607442591,0.512744255087575
wsi-goettingen,central fixation,M228,wsi-goettingen:M228,German,197,1,14,German,FALSE,5.502857142857143,6.228571428571429,1.6117686478843427,1.782698587658741,0.725714285714286,0.5309303458353629,IDS_preference,0.1709299397743982,0.5251777271532644
wsi-goettingen,central fixation,M228,wsi-goettingen:M228,German,204,2,15,German,FALSE,3.57,5.005,1.1639771176101603,1.5653453584778974,1.435,0.5836734693877551,IDS_preference,0.40136824086773704,0.5735289150300441
wsi-goettingen,central fixation,M229,wsi-goettingen:M229,German,197,1,16,German,FALSE,15.68625,15.56,2.742029466673072,2.7096714453423947,-0.12624999999999886,0.4979797575709085,ADS_preference,-0.03235802133067711,0.497032300390933
wsi-goettingen,central fixation,M229,wsi-goettingen:M229,German,204,2,15,German,FALSE,8.801428571428572,7.46625,1.9862600696552646,1.8267923844536555,-1.335178571428572,0.4589622279059045,ADS_preference,-0.15946768520160903,0.4790892353146404
wsi-goettingen,central fixation,M230,wsi-goettingen:M230,German,200,1,16,German,FALSE,13.60375,10.00625,2.595741529000527,2.1666305819091445,-3.5975,0.42381406183820414,ADS_preference,-0.4291109470913823,0.4549477721293163
wsi-goettingen,central fixation,M230,wsi-goettingen:M230,German,207,2,16,German,FALSE,9.67625,10.3775,2.205838337832158,2.2066567082526416,0.7012499999999999,0.5174842610484323,IDS_preference,8.18370420483383e-4,0.5000927332962345
wsi-goettingen,central fixation,M231,wsi-goettingen:M231,German,235,1,16,German,FALSE,11.28,10.133750000000001,2.3268128380539563,2.1405678647337205,-1.1462499999999984,0.47323565466114065,ADS_preference,-0.18624497332023582,0.47915501434610014
wsi-goettingen,central fixation,M231,wsi-goettingen:M231,German,240,2,15,German,FALSE,11.793750000000001,13.031428571428572,2.233905437526824,2.351759242340038,1.237678571428571,0.5249278885923709,IDS_preference,0.11785380481321406,0.5128502423357125
wsi-goettingen,central fixation,M312,wsi-goettingen:M312,German,303,1,16,German,FALSE,9.42,8.31375,2.086045551926844,2.0002339930879978,-1.1062499999999993,0.46880947346161983,ADS_preference,-0.08581155883884639,0.48950003812838333
wsi-goettingen,central fixation,M312,wsi-goettingen:M312,German,311,2,14,German,FALSE,5.8175,7.948333333333333,1.6239460841813567,1.9957124456126913,2.1308333333333334,0.5773957261335432,IDS_preference,0.3717663614313347,0.5513537890896697
wsi-goettingen,central fixation,M313,wsi-goettingen:M313,German,278,1,15,German,FALSE,8.42142857142857,6.71625,1.9770680518210662,1.8193768729114512,-1.7051785714285712,0.44367767278904346,ADS_preference,-0.15769117890961493,0.47923173099623917
wsi-goettingen,central fixation,M313,wsi-goettingen:M313,German,302,2,13,German,FALSE,9.175714285714285,7.086666666666667,2.029880548041722,1.7484535877564742,-2.0890476190476184,0.43577054844660484,ADS_preference,-0.28142696028524794,0.46275779878507295
wsi-goettingen,central fixation,M314,wsi-goettingen:M314,German,352,1,15,German,FALSE,9.3425,10.705714285714286,2.158385224719177,2.2313256966976542,1.363214285714287,0.5339983967221875,IDS_preference,0.0729404719784772,0.5083081179244184
wsi-goettingen,central fixation,M314,wsi-goettingen:M314,German,359,2,15,German,FALSE,9,10.03125,2.0325894405811358,2.103875118629838,1.03125,0.5270935960591133,IDS_preference,0.07128567804870212,0.5086167398545656
wsi-goettingen,central fixation,M315,wsi-goettingen:M315,German,326,1,13,German,FALSE,11.547142857142857,13.333333333333334,2.2949397464641232,2.475858157253137,1.7861904761904768,0.5358954238358629,IDS_preference,0.1809184107890136,0.5189610222902177
wsi-goettingen,central fixation,M315,wsi-goettingen:M315,German,333,2,14,German,FALSE,9.952857142857143,5.771428571428571,2.139017634805645,1.644127300721532,-4.1814285714285715,0.3670391569001545,ADS_preference,-0.49489033408411287,0.4345927340191699
wsi-goettingen,central fixation,M316,wsi-goettingen:M316,German,282,1,13,German,FALSE,9.331428571428571,12.301666666666668,1.8824367526546752,2.464909647506731,2.9702380952380967,0.5686503263298078,IDS_preference,0.5824728948520557,0.5669917739739384
wsi-goettingen,central fixation,M316,wsi-goettingen:M316,German,289,2,16,German,FALSE,9.67,9.00375,2.147034377207347,1.9178051806726522,-0.6662499999999998,0.4821607872012853,ADS_preference,-0.22922919653469465,0.4718034139760428
wsi-goettingen,central fixation,M317,wsi-goettingen:M317,German,353,1,15,German,FALSE,6.8525,8.121428571428572,1.808476988653407,1.8803228068873796,1.2689285714285718,0.5423712643404012,IDS_preference,0.07184581823397274,0.5097383732129924
wsi-goettingen,central fixation,M317,wsi-goettingen:M317,German,360,2,16,German,FALSE,8.602500000000001,10.13,2.0231299268295118,2.183926941454209,1.5274999999999999,0.540771386627519,IDS_preference,0.1607970146246971,0.5191103923311471
wsi-goettingen,central fixation,M319,wsi-goettingen:M319,German,363,1,15,German,FALSE,5.351428571428571,8.745,1.6108544883000782,2.0036483563303173,3.393571428571428,0.6203699011907777,IDS_preference,0.3927938680302392,0.5543358083966876
wsi-goettingen,central fixation,M319,wsi-goettingen:M319,German,383,2,14,German,FALSE,7.26,4.791428571428572,1.838133780836239,1.4546690693231559,-2.468571428571428,0.39758179231863444,ADS_preference,-0.38346471151308315,0.44177229415746516
wsi-goettingen,central fixation,M320,wsi-goettingen:M320,German,276,1,13,German,FALSE,8.115714285714287,12.728333333333333,1.9021856937765156,2.3679857221593252,4.612619047619047,0.6106459535096236,IDS_preference,0.46580002838280965,0.5545411393374622
wsi-goettingen,central fixation,M320,wsi-goettingen:M320,German,289,2,13,German,FALSE,6.21,5.6375,1.5373095105515044,1.559578822685339,-0.5724999999999998,0.4758387845537033,ADS_preference,0.02226931213383465,0.5035954335025311
wsi-goettingen,central fixation,M321,wsi-goettingen:M321,German,333,1,16,German,FALSE,6.62875,10.1275,1.7267377419904277,2.1573631698822506,3.4987499999999994,0.6044013427825438,IDS_preference,0.4306254278918229,0.5554343769204751
wsi-goettingen,central fixation,M321,wsi-goettingen:M321,German,341,2,15,German,FALSE,5.951428571428571,7.185,1.4923158645101176,1.8764359165587408,1.2335714285714285,0.5469523136316676,IDS_preference,0.3841200520486232,0.5570122224806286
wsi-goettingen,central fixation,M322,wsi-goettingen:M322,German,305,1,16,German,FALSE,9.8375,9.4375,2.08983867166242,1.988572492784233,-0.40000000000000036,0.48962386511024647,ADS_preference,-0.10126617887818723,0.487585094440579
wsi-goettingen,central fixation,M322,wsi-goettingen:M322,German,325,2,13,German,FALSE,4.42,4.54,1.3103710479474961,1.2980017724438044,0.1200000000000001,0.5066964285714285,IDS_preference,-0.012369275503691712,0.4976289287698841
wsi-goettingen,central fixation,M324,wsi-goettingen:M324,German,298,1,13,German,FALSE,5.84,4.61,1.6809406000590243,1.4593130331233344,-1.2299999999999995,0.44114832535885173,ADS_preference,-0.22162756693568997,0.4647118365545699
wsi-goettingen,central fixation,M324,wsi-goettingen:M324,German,324,2,11,German,FALSE,3.6216666666666666,7.87,1.2068209008358783,1.9278240270965106,4.248333333333333,0.684844089920232,IDS_preference,0.7210031262606322,0.6150055497252452
wsi-goettingen,central fixation,M325,wsi-goettingen:M325,German,315,1,5,German,FALSE,5.326666666666666,9.445,1.5914630592851144,2.2430007203397024,4.118333333333334,0.6393997517770507,IDS_preference,0.651537661054588,0.5849581191138984
wsi-goettingen,central fixation,M325,wsi-goettingen:M325,German,320,2,6,German,FALSE,8.49,6.316666666666666,2.057795730337812,1.82584251823913,-2.173333333333334,0.42660963529941465,ADS_preference,-0.23195321209868203,0.4701371243596549
wsi-goettingen,central fixation,M326,wsi-goettingen:M326,German,282,1,16,German,FALSE,4.54875,4.465,1.4941478890998636,1.457684874713517,-0.08375000000000021,0.4953543197892109,ADS_preference,-0.03646301438634669,0.4938236652778321
wsi-goettingen,central fixation,M326,wsi-goettingen:M326,German,289,2,15,German,FALSE,3.2685714285714287,4.75125,1.1467817743016986,1.5431281900690743,1.482678571428571,0.5924383781256262,IDS_preference,0.3963464157673757,0.5736728033683629
wsi-goettingen,central fixation,M327,wsi-goettingen:M327,German,283,1,9,German,FALSE,6.196000000000001,4.8675,1.7007025487027412,1.3780269134766896,-1.328500000000001,0.43996022958376635,ADS_preference,-0.3226756352260516,0.447595974380024
wsi-goettingen,central fixation,M327,wsi-goettingen:M327,German,290,2,16,German,FALSE,14.2225,12.6325,2.6139723931900916,2.4006967283177287,-1.5899999999999999,0.47039657419474956,ADS_preference,-0.21327566487236282,0.47873482180931665
wsi-goettingen,central fixation,M328,wsi-goettingen:M328,German,275,1,16,German,FALSE,8.3375,10.305,1.8782085160794089,2.1315247520847627,1.9674999999999994,0.5527692101381253,IDS_preference,0.2533162360053538,0.5315876666930183
wsi-goettingen,central fixation,M328,wsi-goettingen:M328,German,282,2,14,German,FALSE,6.067142857142857,4.957142857142857,1.6136627042382823,1.3665132084876728,-1.1099999999999994,0.4496566023065959,ADS_preference,-0.24714949575060952,0.4585344115601983
wsi-goettingen,central fixation,M329,wsi-goettingen:M329,German,339,1,16,German,FALSE,7.875,11.855,1.940749997594496,2.3811952371838307,3.9800000000000004,0.6008616320324379,IDS_preference,0.4404452395893348,0.550954514190174
wsi-goettingen,central fixation,M329,wsi-goettingen:M329,German,345,2,16,German,FALSE,3.93625,5.28375,1.3170032812127945,1.4696091533144031,1.3475000000000006,0.5730748373101953,IDS_preference,0.1526058721016086,0.5273819692704237
wsi-goettingen,central fixation,M330,wsi-goettingen:M330,German,316,1,13,German,FALSE,7.05,5.861666666666666,1.827867596215052,1.7074055070386356,-1.1883333333333335,0.4539821866528979,ADS_preference,-0.12046208917641632,0.48296283120736144
wsi-goettingen,central fixation,M330,wsi-goettingen:M330,German,324,2,11,German,FALSE,4.688,5.281666666666667,1.4737358380544758,1.463100308785527,0.5936666666666675,0.5297736467284095,IDS_preference,-0.01063552926894884,0.49818928793824735
wsi-goettingen,central fixation,M331,wsi-goettingen:M331,German,283,1,16,German,FALSE,7.81875,9.62,1.9851308436758253,2.108151491555613,1.8012499999999996,0.5516450433660669,IDS_preference,0.12302064787978773,0.515027139322999
wsi-goettingen,central fixation,M331,wsi-goettingen:M331,German,289,2,16,German,FALSE,6.8862499999999995,4.45375,1.8075050268467694,1.3825895527241467,-2.432499999999999,0.39274691358024694,ADS_preference,-0.42491547412262265,0.43340080309158485
wsi-goettingen,central fixation,M332,wsi-goettingen:M332,German,319,1,12,German,FALSE,8.766,9.132857142857143,2.0804369255596136,2.0648342672589823,0.36685714285714255,0.5102480605306005,IDS_preference,-0.015602658300631234,0.4981180171845377
wsi-goettingen,central fixation,M332,wsi-goettingen:M332,German,331,2,11,German,FALSE,4.0575,5.16,1.382939165263426,1.5861316892640174,1.1025,0.5598047192839707,IDS_preference,0.2031925240005914,0.5342182005678223
wsi-goettingen,central fixation,M333,wsi-goettingen:M333,German,291,1,15,German,FALSE,13.99,14.29,2.561464122121537,2.585018134498395,0.29999999999999893,0.5053041018387553,IDS_preference,0.023554012376858058,0.5022883603986549
wsi-goettingen,central fixation,M333,wsi-goettingen:M333,German,299,2,15,German,FALSE,6.861428571428571,6.8475,1.6957214996552006,1.7932989520363847,-0.013928571428571068,0.49949198905822584,ADS_preference,0.0975774523811841,0.513983502494787
wsi-goettingen,central fixation,M334,wsi-goettingen:M334,German,321,1,15,German,FALSE,4.8325,9.604285714285714,1.48264254813142,2.103565227441727,4.7717857142857145,0.6652648244811122,IDS_preference,0.6209226793103069,0.5865709292612126
wsi-goettingen,central fixation,M334,wsi-goettingen:M334,German,329,2,13,German,FALSE,6.691428571428571,6.67,1.7833751440946746,1.727613021042544,-0.021428571428571352,0.4991981182508286,ADS_preference,-0.055762123052130574,0.4920589132703682
wsi-goettingen,central fixation,M336,wsi-goettingen:M336,German,285,1,16,German,FALSE,9.3275,10.13125,2.173160443041468,2.1947328436934175,0.8037499999999991,0.52065266268388255,IDS_preference,0.02157240065194932,0.5024694285363455
wsi-goettingen,central fixation,M336,wsi-goettingen:M336,German,295,2,13,German,FALSE,11.862,8.90125,2.2978000165272316,1.907520953625241,-2.960750000000001,0.4287021540462114,ADS_preference,-0.39027906290199055,0.4535969946560536
wsi-goettingen,central fixation,M337,wsi-goettingen:M337,German,274,1,16,German,FALSE,8.9575,9.41125,2.0589087531870005,2.0514538338230768,0.4537500000000012,0.5123511398434842,IDS_preference,-0.007454919363923729,0.4990931555056136
wsi-goettingen,central fixation,M337,wsi-goettingen:M337,German,281,2,15,German,FALSE,5.185714285714286,7.9675,1.5768440542652962,1.9260653448925589,2.7817857142857143,0.6057454723180102,IDS_preference,0.3492212906272627,0.5498473198751901
wsi-goettingen,central fixation,M338,wsi-goettingen:M338,German,325,1,15,German,FALSE,8.541428571428572,7.1425,1.8898587654872634,1.7581318710377052,-1.3989285714285717,0.4554024820676306,ADS_preference,-0.1317268944495582,0.48194528062508407
wsi-goettingen,central fixation,M338,wsi-goettingen:M338,German,328,2,16,German,FALSE,9.29875,9.10625,1.9270723645622057,1.992009537893851,-0.19250000000000078,0.49477044281445254,ADS_preference,0.06493717333164528,0.5082847430785957
